[
    {
        "id": "1",
        "url": "http:\/\/camacho.atwebpages.com\/webcam\/videos\/video1.mp4",
        "lugar": "Sierra del Cachorrillo",
        "tiempo": "<div id=\"cont_62ee97138eb4ca1281fce37cfd58d12d\"><script type=\"text\/javascript\" async src=\"https:\/\/www.tiempo.com\/wid_loader\/62ee97138eb4ca1281fce37cfd58d12d\"><\/script><\/div>",
        "activo": "1"
    },
    {
        "id": "2",
        "url": "http:\/\/camacho.atwebpages.com\/webcam\/videos\/video2.mp4",
        "lugar": "Montanas del Caracolillo",
        "tiempo": "<div id=\"cont_62ee97138eb4ca1281fce37cfd58d12d\"><script type=\"text\/javascript\" async src=\"https:\/\/www.tiempo.com\/wid_loader\/62ee97138eb4ca1281fce37cfd58d12d\"><\/script><\/div>",
        "activo": "1"
    },
    {
        "id": "3",
        "url": "http:\/\/camacho.atwebpages.com\/webcam\/videos\/video3.mp4",
        "lugar": "Montes del tordo verde",
        "tiempo": "<div id=\"cont_62ee97138eb4ca1281fce37cfd58d12d\"><script type=\"text\/javascript\" async src=\"https:\/\/www.tiempo.com\/wid_loader\/62ee97138eb4ca1281fce37cfd58d12d\"><\/script><\/div>",
        "activo": "1"
    },
    {
        "id": "4",
        "url": "http:\/\/camacho.atwebpages.com\/webcam\/videos\/Video5.mp4",
        "lugar": "Los chorrituelos del vino",
        "tiempo": "<div id=\"cont_62ee97138eb4ca1281fce37cfd58d12d\"><script type=\"text\/javascript\" async src=\"https:\/\/www.tiempo.com\/wid_loader\/62ee97138eb4ca1281fce37cfd58d12d\"><\/script><\/div>",
        "activo": "1"
    },
    {
        "id": "5",
        "url": "http:\/\/camacho.atwebpages.com\/webcam\/videos\/video6.mp4",
        "lugar": "Los osobucos el altillo",
        "tiempo": "<div id=\"cont_62ee97138eb4ca1281fce37cfd58d12d\"><script type=\"text\/javascript\" async src=\"https:\/\/www.tiempo.com\/wid_loader\/62ee97138eb4ca1281fce37cfd58d12d\"><\/script><\/div>",
        "activo": "1"
    },
    {
        "id": "6",
        "url": "http:\/\/camacho.atwebpages.com\/webcam\/videos\/video7.mp4",
        "lugar": "Los canis del Saltillo del mono",
        "tiempo": "SDFASDFADSF",
        "activo": "1"
    },
    {
        "id": "7",
        "url": "http:\/\/camacho.atwebpages.com\/webcam\/videos\/video8.mp4",
        "lugar": "Arroyo Pericutino",
        "tiempo": "",
        "activo": "1"
    }
]
